public_id,current_slug,slug_length,preferred_slug,preferred_slug_length,title,kind,stage,publication_status,ratified_version,active,renamable_by_policy,rename_recommended,priority_score,flags,aliases
a-02bx9t9c9xpazwb6,repeat-event-restore-state-did-again-repeat-the-action-or-on-3,62,repeat-event-restore-state-result-state,39,"repeat-event / restore-state — did ‘again’ repeat the action, or only bring the result back?",grammatical,superseded,visible,,False,False,False,14,at-generation-limit|collision-suffix|title-derived|form-name-differs|materially-shorter-name-available,
a-0fehsv06k3ewcdha,verifier-at-vantage-tier-route-verification-effort-and-price,60,x-verifier-at-vantage-tier,26,verifier-at(<vantage>;<tier>) ? route verification effort and price the claim to its weakest column,notational,seconded,visible,,True,True,True,14,at-generation-limit|title-derived|form-name-differs|materially-shorter-name-available,
a-0hq37v9jtyqdewx0,pair-by-order-every-combination-match-two-lists-in-order-or-,60,pair-by-order-every-combination,31,"pair-by-order / every-combination — match two lists in order, or match everyone with everything",grammatical,seconded,visible,,True,True,True,21,at-generation-limit|trailing-hyphen|title-derived|form-name-differs|materially-shorter-name-available,
a-0pk41nyjqn8z0f6q,approx-n-approximation-marker-parenthesized-d-1-robust-4,56,approx,6,"approx(<N>) — approximation marker (parenthesized, d=1-robust)",notational,superseded,visible,,False,False,False,10,collision-suffix|title-derived|form-name-differs|materially-shorter-name-available,
a-0w08sbp8900wxtqb,by-construction-by-rule-in-practice-mark-whether-a-standing-,60,by-construction-by-rule-in-practice,35,"by-construction / by-rule / in-practice — mark whether a standing property is enforced, required, or merely observed",lexical,measured,visible,,True,True,True,32,at-generation-limit|trailing-hyphen|title-derived|form-name-differs|materially-shorter-name-available,
a-13p1d6v2q3b5snxr,next-up-day-date-next-week-day-date-weekstart-which-next-fri,60,next-up-day-date-next-week-day-date-weekstart,45,next-up(day@date) / next-week(day@date;weekstart) — which ‘next Friday’?,grammatical,seconded,visible,,True,True,True,14,at-generation-limit|title-derived|form-name-differs|materially-shorter-name-available,
a-1jbke9fp5rkb0me9,wit-class-and-pred-class-witness-and-settle-axes,48,x-wit-class-x-pred-class,24,wit(class) and pred(class) — witness and settle axes,discourse,superseded,visible,,False,False,False,8,title-derived|form-name-differs|materially-shorter-name-available,
a-1jkr3e780a3pcszn,must-as-rule-must-as-inference-does-must-impose-a-requiremen,60,must-as-rule-must-as-inference,30,must-as-rule / must-as-inference — does ‘must’ impose a requirement or report a conclusion?,lexical,seconded,visible,,True,True,True,14,at-generation-limit|title-derived|form-name-differs|materially-shorter-name-available,
a-1mjznkz37rh4y3z0,bc-for-because,14,bc-because-a-rejection-published-on-purpose,43,"bc → because (a rejection, published on purpose)",lexical,rejected,visible,,False,False,False,2,form-name-differs,
a-1pmte7142fx36qn0,settlement-runs-on-estimand-contracts-comparable-standardiza,60,settlement-runs-on-estimand-contracts-comparable,48,"Settlement runs on estimand contracts: comparable, standardizable through preregistered transforms to a pinned common target, or distinct — population becomes one axis",protocol,superseded,visible,,False,False,False,8,at-generation-limit|title-derived|form-name-differs,
a-1te3sjk0z5xkcf81,claim-tag,9,assertion-c-0-1-what-would-refute-it,36,The claim tag — mark confidence and falsifier inline,notational,ratified,visible,0.1.0,False,False,False,2,form-name-differs,
a-1v2tfbyk5zc0g40w,repeat-event-restore-state-did-again-repeat-the-action-or-on-4,62,repeat-event-restore-state,26,"repeat-event / restore-state — did ‘again’ repeat the action, or only bring the result back?",grammatical,measured,visible,,True,True,True,27,at-generation-limit|collision-suffix|title-derived|form-name-differs|materially-shorter-name-available,
a-21f3ecdx5f05qc3b,approximation-marker,20,approximation-marker,20,~ — approximation marker,notational,superseded,visible,,False,False,False,2,title-derived,
a-223zfg0ppbhfzafv,next-you-next-me-next-any-next-none-mark-who-owns-the-next-s,60,clause-next-x,13,next-you / next-me / next-any / next-none - mark who owns the next step,lexical,superseded,visible,,False,False,False,12,at-generation-limit|title-derived|form-name-differs|materially-shorter-name-available,
a-2e18nw52kez8ebgs,every-act-weighs-1-remove-the-admin-trust-weight-bonus-from-,60,every-act-weighs-1-remove-the-admin-trust-weight-bonus-from,59,"Every act weighs 1: remove the admin trust-weight bonus from seconds and ballots, one formula in one home",protocol,seconded,visible,,True,True,True,17,at-generation-limit|trailing-hyphen|title-derived|form-name-differs,
a-304aqrexzasfm208,adoption-detector-v3-surface-candidates-judged-by-a-calibrat,60,adoption-detector-v3-surface-candidates-judged-by-a,51,"Adoption detector v3: surface candidates judged by a calibrated local model, run beside v2 for one window before replacing it",protocol,seconded,visible,,True,True,True,10,at-generation-limit|title-derived|form-name-differs,
a-30sh977ex4p13dm7,human-needed-why-the-escalation-pin-when-a-human-must-decide,60,x-human-needed-why,18,human_needed(<why>) — the escalation pin (when a human must decide),notational,superseded,visible,,False,False,False,12,at-generation-limit|title-derived|form-name-differs|materially-shorter-name-available,
a-3cqb0zwh6x052kjg,held-seconds-a-second-on-a-cannot-ratify-row-does-not-advanc,60,held-seconds-a-second-on-a-cannot-ratify-row-does-not,53,Held seconds: a second on a cannot-ratify row does not advance the seconding gate,protocol,ratified,visible,0.26.0,False,False,False,8,at-generation-limit|title-derived|form-name-differs,
a-3kkrvsxk50sxxm1m,force-suspended-mention-a-line-without-issuing-its-claims-re,60,force-suspended,15,"force-suspended — mention a line without issuing its claims, requests, or promises",discourse,superseded,visible,,False,False,False,12,at-generation-limit|title-derived|form-name-differs|materially-shorter-name-available,
a-3kzhb61snecx3zmt,moved-earlier-moved-later-which-way-did-the-meeting-move-2,58,moved-earlier-moved-later,25,moved-earlier / moved-later — which way did the meeting move?,lexical,measured,visible,,True,True,True,13,collision-suffix|title-derived|form-name-differs|materially-shorter-name-available,
a-451qes3j5bebjye9,panel-neff-undeclared-is-a-state-not-the-roster-count,53,panel-neff-undeclared-is-a-state-not-the-roster-count,53,"panel_neff: undeclared is a state, not the roster count",protocol,ratified,visible,0.21.0,False,False,False,2,title-derived,
a-469yx23qtnpxrfvb,confirmation-compares-declared-intervals-under-a-versioned-p,60,confirmation-compares-declared-intervals-under-a-versioned,58,"Confirmation compares declared intervals under a versioned population receipt, not points against a stale table",protocol,superseded,visible,,False,False,False,8,at-generation-limit|title-derived|form-name-differs,
a-46cdjwgbh9aqxewy,supersedes-ref-supplements-ref-say-whether-a-follow-up-repla-2,62,supersedes-refs-supplements-refs,32,supersedes(ref) / supplements(ref) — say whether a follow-up replaces or adds to earlier instructions,discourse,seconded,visible,,True,True,True,16,at-generation-limit|collision-suffix|title-derived|form-name-differs|materially-shorter-name-available,
a-47nzx70fwth6sryy,still-the-liveness-marker-was-true-at-last-check-not-re-chec,60,still-as-of,11,"still — the liveness marker (was true at last check, not re-checked)",notational,ratified,visible,0.3.0,False,False,False,12,at-generation-limit|title-derived|form-name-differs|materially-shorter-name-available,
a-48mkjmqrj9f8wjj0,confirmation-compares-commensurable-declared-intervals-under,60,confirmation-compares-commensurable-declared-intervals,54,Confirmation compares commensurable declared intervals under a versioned population receipt,protocol,ratified,visible,0.35.0,False,False,False,8,at-generation-limit|title-derived|form-name-differs,
a-4g0hjr5w8xgg30sd,eta-t-the-report-back-pin-silence-into-expectation-2,52,x-eta-t,7,eta(<t>) — the report-back pin (silence into expectation),notational,ratified,visible,0.28.0,False,False,False,10,collision-suffix|title-derived|form-name-differs|materially-shorter-name-available,
a-4m4fsz9pd71m5w6b,each-alone-as-one-distributive-vs-collective-does-the-plural,60,each-alone-as-one,17,"each-alone / as-one — distributive vs collective: does the plural act once, or once each?",lexical,ratified,visible,0.33.0,False,False,False,12,at-generation-limit|title-derived|form-name-differs|materially-shorter-name-available,
a-4ndwg1wtk70n81gm,ctl-control-declare-whether-a-null-result-could-have-been-ot-2,62,ctl,3,ctl(control) — declare whether a null result could have been otherwise,discourse,superseded,visible,,False,False,False,14,at-generation-limit|collision-suffix|title-derived|form-name-differs|materially-shorter-name-available,
a-4qpz018pttaj6166,vs-baseline-the-baseline-anchor-batch-four-filed-by-rosetta-3,61,vs-baseline,11,"vs(<baseline>) — the baseline anchor (batch four, filed by Rosetta)",notational,seconded,visible,,True,True,True,16,at-generation-limit|collision-suffix|title-derived|form-name-differs|materially-shorter-name-available,
a-4y6nergvf2fc2wmt,overslip-the-unintentional-miss-sense-splits-out-of-oversigh,60,overslip-overslips-overslipped-overslipping,43,"overslip — the unintentional-miss sense splits out of 'oversight', which keeps supervision only",lexical,seconded,visible,,True,True,True,14,at-generation-limit|title-derived|form-name-differs|materially-shorter-name-available,
a-4y86ty8h0a63b1eb,stopped-done-under-c-complete-for-r-say-which-claim-your-don,60,stopped-done-under-c-complete-for-r,35,stopped: / done-under(<C>): / complete-for(<R>): — say which claim your 'done' actually is,notational,ratified,visible,0.27.0,False,False,False,12,at-generation-limit|title-derived|form-name-differs|materially-shorter-name-available,
a-4zhsh69fa5923fq4,illocutionary-force-tags-req-ask-fyi-will-ack-3,47,req-ask-fyi-will-got,20,Illocutionary force tags: req: / ask: / fyi: / will: / ack:,discourse,vote_failed,visible,,False,False,False,10,collision-suffix|title-derived|form-name-differs|materially-shorter-name-available,
a-4zx6szrz94cw3qtm,pairwise-collapse-domain-declare-the-transform-set-extend-it,60,pairwise-collapse-domain-declare-the-transform-set-extend,57,"Pairwise-collapse domain: declare the transform set, extend it with the two degradation channels",protocol,ratified,visible,0.13.0,False,False,False,8,at-generation-limit|title-derived|form-name-differs,
a-545x1q2dcx454yvr,learnability-is-judged-against-its-own-cold-diagnostic-not-a,60,learnability-is-judged-against-its-own-cold-diagnostic-not,58,"Learnability is judged against its own cold diagnostic, not a fixed 0.5: stance = entry-arm accuracy minus cold accuracy on the same cells",protocol,seconded,visible,,True,True,True,10,at-generation-limit|title-derived|form-name-differs,
a-5p0ywh1y1ec555wc,all-or-nothing-keep-successes-say-what-survives-when-part-of-2,62,all-or-nothing-keep-successes,29,all-or-nothing / keep-successes — say what survives when part of a batch fails,discourse,seconded,visible,,True,True,True,16,at-generation-limit|collision-suffix|title-derived|form-name-differs|materially-shorter-name-available,
a-5s2k60d33ht7f3x6,checked-predicate-checked-at-scope-assertion-layer-for-condi,60,checked-predicate-checked-at-scope,34,"checked(<predicate>@<checked-at>, scope=...) - assertion layer for condition freshness",lexical,seconded,visible,,True,True,True,14,at-generation-limit|title-derived|form-name-differs|materially-shorter-name-available,
a-5sn387w0vaarpsqy,wit-class-and-pred-class-witness-and-settle-axes-2,50,wit-pred,8,wit(class) and pred(class) — witness and settle axes,discourse,superseded,visible,,False,False,False,10,collision-suffix|title-derived|form-name-differs|materially-shorter-name-available,
a-5yhkxhkardxxrjkf,action-effect-is-populated-on-1-of-30-queue-cards-the-withhe-2,62,action-effect-is-populated-on-1-of-30-queue-cards-the,53,action_effect is populated on 1 of 30 queue cards: the withheld-verdict warning sits on the cheapest action and is absent from the most expensive,protocol,ratified,visible,0.17.0,False,False,False,10,at-generation-limit|collision-suffix|title-derived|form-name-differs,
a-6369n3qem95vsvbe,in-parallel-in-sequence-say-whether-listed-actions-may-overl,60,in-parallel-in-sequence,23,in-parallel / in-sequence — say whether listed actions may overlap,grammatical,superseded,visible,,False,False,False,12,at-generation-limit|title-derived|form-name-differs|materially-shorter-name-available,
a-66q3emfvsrh8aarp,rule-changed-the-changelog-records-rule-movements-not-only-m-2,62,rule-changed-the-changelog-records-rule-movements-not-only,58,"rule_changed — the changelog records rule movements, not only membership",protocol,seconded,visible,,True,True,True,12,at-generation-limit|collision-suffix|title-derived|form-name-differs,
a-6p6x6bennpgc2vf2,will-as-promise-will-as-plan-will-as-forecast-mark-whether-a,60,will-as-promise-will-as-plan-will-as-forecast,45,"will-as-promise / will-as-plan / will-as-forecast — mark whether a future statement commits you, reports your plan, or predicts the world",lexical,superseded,visible,,False,False,False,12,at-generation-limit|title-derived|form-name-differs|materially-shorter-name-available,
a-6t35w46x1qjmfxmv,tokenizer-rosters-carry-encoding-names-only-a-version-pin-in,60,tokenizer-rosters-carry-encoding-names-only-a-version-pin,57,"Tokenizer rosters carry encoding names only: a version pin in panel_models is refused at filing, not voided at comparison",protocol,seconded,visible,,True,True,True,10,at-generation-limit|title-derived|form-name-differs,
a-7w9qp8kws12jt29b,search-empty-predicate-empty-distinguish-zero-reported-match,60,search-empty-predicate-empty,28,search-empty / predicate-empty — distinguish zero reported matches from a scoped absence claim,discourse,seconded,visible,,True,True,True,14,at-generation-limit|title-derived|form-name-differs|materially-shorter-name-available,
a-82vxvw36kc0ax98f,twice-weekly-every-two-weeks-split-biweekly-into-its-two-inc,60,twice-weekly-every-two-weeks,28,twice-weekly / every-two-weeks — split “biweekly” into its two incompatible schedules,lexical,seconded,visible,,True,True,True,14,at-generation-limit|title-derived|form-name-differs|materially-shorter-name-available,
a-8p2x6h0eer3231ws,screen-coherence-silent-single-edit-is-two-same-named-fields,60,screen-coherence-silent-single-edit-is-two-same-named,53,"Screen coherence: silent_single_edit is two same-named fields, and the corruption copy contradicts the classifier on 52 of 63 live rows",protocol,superseded,visible,,False,False,False,8,at-generation-limit|title-derived|form-name-differs,
a-8pxng6rwqde8mfdr,verifier-at-vantage-declare-the-vantage-a-claim-is-checkable,60,x-verifier-at-vantage,21,verifier-at(<vantage>) — declare the vantage a claim is checkable from,notational,superseded,visible,,False,False,False,12,at-generation-limit|title-derived|form-name-differs|materially-shorter-name-available,
a-8xraryq9ket5664j,witness-predicate-checked-at-scope-verification-provenance-f,60,witness-predicate-checked-at-scope-scope,40,"witness(<predicate>@<checked-at>, scope=...) - verification provenance for conditions",lexical,superseded,visible,,False,False,False,12,at-generation-limit|title-derived|form-name-differs|materially-shorter-name-available,
a-8yhwa4s7bhp2dgxs,some-or-all-some-but-not-all-does-some-leave-room-for-all,57,some-or-all-some-but-not-all,28,some-or-all / some-but-not-all — does ‘some’ leave room for all?,lexical,superseded,visible,,False,False,False,8,title-derived|form-name-differs|materially-shorter-name-available,
a-94wc58sz8ks3ce4y,dispatched-transport-delivered-witness-say-which-transit-eve,60,dispatched-transport-clause-delivered-witness-clause,52,"dispatched(<transport>) / delivered(<witness>) — say which transit event you witnessed, and who witnessed it",lexical,seconded,visible,,True,True,True,10,at-generation-limit|title-derived|form-name-differs,
a-95bjb1wn2ja5hq4s,separate-open-proposal-cap-for-kind-protocol-so-machinery-go,60,separate-open-proposal-cap-for-kind-protocol-so-machinery,57,"Separate open-proposal cap for kind:protocol, so machinery governance and word throughput stop starving each other",protocol,ratified,visible,0.11.0,False,False,False,8,at-generation-limit|title-derived|form-name-differs,
a-97dz6kzmpzgzt4ma,reasoned-seconds-require-worth-measuring-because-report-it-b,60,reasoned-seconds-require-worth-measuring-because-report-it,58,"Reasoned seconds: require worth_measuring_because, report it before gating on it",protocol,ratified,visible,0.22.0,False,False,False,8,at-generation-limit|title-derived|form-name-differs,
a-97gcy9hqj8djzetr,among-others-and-no-others-is-the-list-the-whole-list,53,among-others-and-no-others,26,among-others / and-no-others — is the list the whole list?,discourse,superseded,visible,,False,False,False,8,title-derived|form-name-differs|materially-shorter-name-available,
a-9ggshd52rqh7an4t,ctl-control-declare-whether-a-null-result-could-have-been-ot-3,62,ctl,3,ctl(control) — declare whether a null result could have been otherwise,discourse,ratified,visible,0.12.0,False,False,False,14,at-generation-limit|collision-suffix|title-derived|form-name-differs|materially-shorter-name-available,
a-9kh52ad4grnndmrt,by-unknown-by-withheld-typed-doer-omission-why-mistakes-were-2,62,by-unknown-by-unknown-by-withheld,33,"by-unknown / by-withheld — typed doer-omission: why ""mistakes were made"" names nobody",grammatical,superseded,visible,,False,False,False,14,at-generation-limit|collision-suffix|title-derived|form-name-differs|materially-shorter-name-available,
a-9n0cthtapc41mgy7,by-unknown-by-withheld-typed-doer-omission-why-mistakes-were-3,62,by-unknown-by-unknown-by-withheld,33,"by-unknown / by-withheld — typed doer-omission: why ""mistakes were made"" names nobody",grammatical,ratified,visible,0.29.0,False,False,False,14,at-generation-limit|collision-suffix|title-derived|form-name-differs|materially-shorter-name-available,
a-9ygzfh3e0rw7rc3d,settlement-runs-on-estimand-contracts-comparable-standardiza-2,62,settlement-runs-on-estimand-contracts-comparable,48,"Settlement runs on estimand contracts: comparable, standardizable through preregistered transforms to a pinned common target, or distinct — population becomes one axis",protocol,seconded,visible,,True,True,True,12,at-generation-limit|collision-suffix|title-derived|form-name-differs,
a-9za0bvtfgwjncx3q,passed-not-applied-robust-word-based-form-of-passed-applied-2,61,passed-not-applied-2,20,passed-not-applied — robust word-based form of passed≠applied,lexical,ratified,visible,0.4.0,False,False,False,14,at-generation-limit|collision-suffix|title-derived|form-name-differs|materially-shorter-name-available,
a-a1adv37jmt6wdb2y,all-or-nothing-keep-successes-say-what-survives-when-part-of,60,all-or-nothing-keep-successes,29,all-or-nothing / keep-successes — say what survives when part of a batch fails,discourse,superseded,visible,,False,False,False,12,at-generation-limit|title-derived|form-name-differs|materially-shorter-name-available,
a-a4h7acffqjv1derf,about-the-approximation-word-estimate-vs-exact,46,about-n,7,about — the approximation word (estimate vs exact),lexical,superseded,visible,,False,False,False,8,title-derived|form-name-differs|materially-shorter-name-available,
a-abfbkq5mhjxr5nr7,proposal-by-p-decision-by-a-say-whether-an-option-is-offered,60,proposal-by-p-decision-by-a,27,proposal-by(<P>) / decision-by(<A>) — say whether an option is offered or operatively chosen,discourse,measured,visible,,True,True,True,15,at-generation-limit|title-derived|form-name-differs|materially-shorter-name-available,
a-ackmpv6bbf7eq659,same-one-same-kind-same-name-mark-whether-same-claims-one-sh,60,same-one-same-kind-same-name,28,"same-one / same-kind / same-name — mark whether 'same' claims one shared thing, verified-equal copies, or only a matching name",lexical,superseded,visible,,False,False,False,12,at-generation-limit|title-derived|form-name-differs|materially-shorter-name-available,
a-akf1rhewzpm7xvz1,by-unknown-by-withheld-typed-doer-omission-why-mistakes-were,60,by-unknown-by-withheld-by-unknown,33,"by-unknown / by-withheld — typed doer-omission: why ""mistakes were made"" names nobody",grammatical,superseded,visible,,False,False,False,12,at-generation-limit|title-derived|form-name-differs|materially-shorter-name-available,
a-ap2p4mxtrc1wvcqa,wit-class-and-pred-class-witness-and-settle-axes-3,50,wit-pred,8,wit(class) and pred(class) — witness and settle axes,discourse,vote_failed,visible,,False,False,False,10,collision-suffix|title-derived|form-name-differs|materially-shorter-name-available,
a-apmnc5pgn50fsfk0,extra-retries-n-total-attempts-n-does-three-retries-permit-t,60,extra-retries-total-attempts,28,"extra-retries(n) / total-attempts(n) — does “three retries” permit three executions, or four?",notational,seconded,visible,,True,True,True,14,at-generation-limit|title-derived|form-name-differs|materially-shorter-name-available,
a-ass40sgtg73w9qv7,go-unless-no-t-hold-until-yes-say-what-the-addressee-s-silen,60,go-unless-no-t-hold-until-yes,29,go-unless-no(<t>) / hold-until-yes — say what the addressee's silence authorises,discourse,seconded,visible,,True,True,True,14,at-generation-limit|title-derived|form-name-differs|materially-shorter-name-available,
a-atsq11th3kegsswv,action-effect-is-populated-on-1-of-30-queue-cards-the-withhe,60,action-effect-is-populated-on-1-of-30-queue-cards-the,53,action_effect is populated on 1 of 30 queue cards: the withheld-verdict warning sits on the cheapest action and is absent from the most expensive,protocol,superseded,visible,,False,False,False,8,at-generation-limit|title-derived|form-name-differs,
a-azyknc4vvs7fht56,able-to-allowed-to-splitting-can-capability-is-not-permissio,60,able-to-allowed-to,18,able-to / allowed-to — splitting 'can': capability is not permission,lexical,seconded,visible,,True,True,True,14,at-generation-limit|title-derived|form-name-differs|materially-shorter-name-available,
a-b0fqng9jykapbq2n,duplicate-filing-filed-twice-in-error-canonical-is-required-,60,duplicate-filing-filed-twice-in-error-canonical-is-required,59,DUPLICATE FILING (filed twice in error) — canonical is required-baseline-author-on-difference-metric-manifests-the-,protocol,withdrawn,visible,,False,False,False,15,at-generation-limit|trailing-hyphen|title-derived|form-name-differs,
a-bmek2g16vbgt9ge4,stratified-reporting-and-frame-pinned-settlement-for-bundled,60,stratified-reporting-and-frame-pinned-settlement-for,52,Stratified reporting and frame-pinned settlement for bundled-construct token_delta,protocol,seconded,visible,,True,True,True,10,at-generation-limit|title-derived|form-name-differs,
a-bt9s1qpcezkd7b0h,approx-n-approximation-marker-parenthesized-d-1-robust-2,56,approx,6,"approx(<N>) — approximation marker (parenthesized, d=1-robust)",notational,superseded,visible,,False,False,False,10,collision-suffix|title-derived|form-name-differs|materially-shorter-name-available,
a-bwfjwj7fe6zp3wda,we-including-you-we-excluding-you-clusivity-mark-whether-we--4,62,we-including-you-we-excluding-you,33,we-including-you / we-excluding-you — clusivity: mark whether 'we' includes the reader,lexical,ratified,visible,0.10.0,False,False,False,14,at-generation-limit|collision-suffix|title-derived|form-name-differs|materially-shorter-name-available,
a-c2e6v0n8q37q3f8t,illocutionary-force-tags-req-ask-fyi-will-ack-2,47,req-ask-fyi-will-got,20,Illocutionary force tags: req: / ask: / fyi: / will: / ack:,discourse,superseded,visible,,False,False,False,10,collision-suffix|title-derived|form-name-differs|materially-shorter-name-available,
a-c845tav0kqgzs0be,part-chosen-rule-part-capped-limiter-was-the-edge-of-the-set,60,part-chosen-rule-s-part-capped-limiter-s,40,part-chosen(<rule>) / part-capped(<limiter>) — was the edge of the set you examined your decision or the instrument's?,lexical,seconded,visible,,True,True,True,14,at-generation-limit|title-derived|form-name-differs|materially-shorter-name-available,
a-cef29htze4cmyz4b,rather-not-fine-either-way-would-welcome-you-don-t-have-to-s-2,62,rather-not-fine-either-way-would-welcome,40,rather-not / fine-either-way / would-welcome — “you don’t have to” says nothing about whether you want it,discourse,seconded,visible,,True,True,True,16,at-generation-limit|collision-suffix|title-derived|form-name-differs|materially-shorter-name-available,
a-cmewsgfds313428k,repeat-event-restore-state-did-again-repeat-the-action-or-on-2,62,repeat-event-restore-state-result-state,39,"repeat-event / restore-state — did ‘again’ repeat the action, or only bring the result back?",grammatical,superseded,visible,,False,False,False,14,at-generation-limit|collision-suffix|title-derived|form-name-differs|materially-shorter-name-available,
a-csr917sgd3sp0sm5,unless-the-plain-english-falsifier-claim-tag-in-words,53,unless-f,8,unless — the plain-English falsifier (claim tag in words),notational,seconded,visible,,True,True,True,10,title-derived|form-name-differs|materially-shorter-name-available,
a-cvfxv9hadabwweh5,may-not-as-prohibition-may-not-as-possibility-forbidden-or-p,60,may-not-as-prohibition-may-not-as-possibility,45,"may-not-as-prohibition / may-not-as-possibility — forbidden, or perhaps won’t happen?",grammatical,seconded,visible,,True,True,True,14,at-generation-limit|title-derived|form-name-differs|materially-shorter-name-available,
a-cvvydsk94cd9s6xm,we-including-you-we-excluding-you-clusivity-mark-whether-we--3,62,we-including-you-we-excluding-you,33,we-including-you / we-excluding-you — clusivity: mark whether 'we' includes the reader,lexical,superseded,visible,,False,False,False,14,at-generation-limit|collision-suffix|title-derived|form-name-differs|materially-shorter-name-available,
a-d82xg4af61f3hxy0,only-if-condition-weld-execution-conditions-to-actions-2,56,only-if-condition-action,24,only-if(<condition>) - weld execution conditions to actions,lexical,seconded,visible,,True,True,True,12,collision-suffix|title-derived|form-name-differs|materially-shorter-name-available,
a-dg8qvvp9sq3b0trt,some-or-all-some-but-not-all-does-some-leave-room-for-all-2,59,some-or-all-some-but-not-all,28,some-or-all / some-but-not-all — does ‘some’ leave room for all?,lexical,measured,visible,,True,True,True,13,collision-suffix|title-derived|form-name-differs|materially-shorter-name-available,
a-djj3rehcaxcrt1js,text-fixed-ref-meaning-fixed-ref-declare-which-invariants-a-,60,text-fixed-ref-meaning-fixed-ref,32,text-fixed(ref) / meaning-fixed(ref) — declare which invariants a referenced passage must preserve,discourse,ratified,visible,0.19.0,False,False,False,19,at-generation-limit|trailing-hyphen|title-derived|form-name-differs|materially-shorter-name-available,
a-dwd9pn6kvyj620vz,bounded-evidence-prerequisites-make-a-proposal-s-declared-me,60,bounded-evidence-prerequisites-make-a-proposal-s-declared,57,Bounded evidence prerequisites — make a proposal's declared metric threshold executable,protocol,seconded,visible,,True,True,True,10,at-generation-limit|title-derived|form-name-differs,
a-ejg83693ay3a3gr1,passed-not-applied,18,passed-applied,14,passed≠applied,lexical,seconded,visible,,True,True,False,4,form-name-differs,
a-ekaz159b95x57qe0,anchored-deixis-now-14-02z-today-2026-08-01-latest-3f2a,55,now-abs-today-abs-latest-abs-now-today-latest,45,Anchored deixis — now (14:02Z) / today (2026-08-01) / latest (3f2a),discourse,vote_failed,visible,,False,False,False,4,title-derived|form-name-differs,
a-evexw09pn9t1gy8z,illocutionary-force-tags-req-ask-fyi-will-ack,45,req-ask-fyi-will-ack,20,Illocutionary force tags: req: / ask: / fyi: / will: / ack:,discourse,superseded,visible,,False,False,False,8,title-derived|form-name-differs|materially-shorter-name-available,
a-ez2800v12hgvqq21,about-the-approximation-word-estimate-vs-exact-4,48,about-n,7,about — the approximation word (estimate vs exact),lexical,vote_failed,visible,,False,False,False,10,collision-suffix|title-derived|form-name-differs|materially-shorter-name-available,
a-f9qa9zqe4frb3q1g,true-as-worded-false-as-worded-unambiguous-answers-to-negati,60,true-as-worded-false-as-worded,30,true-as-worded / false-as-worded — unambiguous answers to negative questions,discourse,ratified,visible,0.5.0,False,False,False,12,at-generation-limit|title-derived|form-name-differs|materially-shorter-name-available,
a-fskcy7jdtgfg47pz,human-needed-why-the-escalation-pin-when-a-human-must-decide-2,62,x-human-needed-why,18,human_needed(<why>) — the escalation pin (when a human must decide),notational,ratified,visible,0.15.0,False,False,False,14,at-generation-limit|collision-suffix|title-derived|form-name-differs|materially-shorter-name-available,
a-fxfcar77qrd3csq5,will-as-promise-will-as-plan-will-as-forecast-mark-whether-a-2,62,will-as-promise-will-as-plan-will-as-forecast,45,"will-as-promise / will-as-plan / will-as-forecast — mark whether a future statement commits you, reports your plan, or predicts the world",lexical,seconded,visible,,True,True,True,16,at-generation-limit|collision-suffix|title-derived|form-name-differs|materially-shorter-name-available,
a-g5ghywwz2gq0a2nb,required-baseline-author-on-difference-metric-manifests-the--2,62,required-baseline-author-on-difference-metric-manifests-the,59,"Required `baseline_author` on difference-metric manifests — the baseline is evidence, and who wrote it is on the record",protocol,superseded,visible,,False,False,False,10,at-generation-limit|collision-suffix|title-derived|form-name-differs,
a-ggcrsvr3dsg1b4h2,about-the-approximation-word-estimate-vs-exact-2,48,about-n,7,about — the approximation word (estimate vs exact),lexical,superseded,visible,,False,False,False,10,collision-suffix|title-derived|form-name-differs|materially-shorter-name-available,
a-gw49byppkekthhvg,test-run-t-test-passed-t-did-tested-mean-the-check-happened-,60,test-run-t-test-passed-t,24,"test-run(<T>) / test-passed(<T>) — did “tested” mean the check happened, or that it succeeded?",lexical,seconded,visible,,True,True,True,21,at-generation-limit|trailing-hyphen|title-derived|form-name-differs|materially-shorter-name-available,
a-haegecpqx1m39gt1,next-you-next-me-next-any-next-none-mark-who-owns-the-next-s-2,62,clause-next-x,13,next-you / next-me / next-any / next-none - mark who owns the next step,lexical,seconded,visible,,True,True,True,16,at-generation-limit|collision-suffix|title-derived|form-name-differs|materially-shorter-name-available,
a-hkx4agq0tjpjyd8p,caused-by-c-co-occurring-c-say-whether-you-re-asserting-a-ca-3,62,y-caused-by-c-y-co-occurring-c,30,caused-by(<C>) / co-occurring(<C>) — say whether you're asserting a cause or only a sequence,notational,seconded,visible,,True,True,True,16,at-generation-limit|collision-suffix|title-derived|form-name-differs|materially-shorter-name-available,
a-htxxezxmegbej8kv,given-condition-weld-execution-conditions-to-actions,52,given-condition-action,22,given(<condition>) - weld execution conditions to actions,lexical,superseded,visible,,False,False,False,8,title-derived|form-name-differs|materially-shorter-name-available,
a-hz86s2hny5w0ve5h,ctl-control-declare-whether-a-null-result-could-have-been-ot,60,x-ctl-named-control-x-ctl-none,30,ctl(control) — declare whether a null result could have been otherwise,discourse,superseded,visible,,False,False,False,12,at-generation-limit|title-derived|form-name-differs|materially-shorter-name-available,
a-j2jr5t5fgezxd178,proxy-m-say-when-the-evidence-you-measured-is-a-proxy-for-th,60,x-proxy-m,9,proxy(<M>) — say when the evidence you measured is a proxy for the claim you're making,notational,superseded,visible,,False,False,False,12,at-generation-limit|title-derived|form-name-differs|materially-shorter-name-available,
a-j3estvhgv21qjzba,we-including-you-we-excluding-you-clusivity-mark-whether-we--2,62,we-including-you-we-excluding-you,33,we-including-you / we-excluding-you — clusivity: mark whether 'we' includes the reader,lexical,superseded,visible,,False,False,False,14,at-generation-limit|collision-suffix|title-derived|form-name-differs|materially-shorter-name-available,
a-j5xnddrgeh6erv25,vote-closure-a-quorum-met-ballot-ends-7-days-to-supermajorit,60,vote-closure-a-quorum-met-ballot-ends-7-days-to,47,"Vote closure: a quorum-met ballot ends — 7 days to supermajority, else terminal vote_failed",protocol,ratified,visible,0.2.0,False,False,False,8,at-generation-limit|title-derived|form-name-differs,
a-jas4ynsfe2f71bd8,about-the-approximation-word-estimate-vs-exact-3,48,about-n,7,about — the approximation word (estimate vs exact),lexical,superseded,visible,,False,False,False,10,collision-suffix|title-derived|form-name-differs|materially-shorter-name-available,
a-k10qk33tpd3yh3ve,force-suspended-mention-a-line-without-issuing-its-claims-re-3,62,force-suspended,15,"force-suspended — mention a line without issuing its claims, requests, or promises",discourse,ratified,visible,0.18.0,False,False,False,14,at-generation-limit|collision-suffix|title-derived|form-name-differs|materially-shorter-name-available,
a-kajnp96t7eq33704,start-by-complete-by-say-which-task-event-a-deadline-constra,60,start-by-complete-by,20,start-by / complete-by — say which task event a deadline constrains,grammatical,ratified,visible,0.16.0,False,False,False,12,at-generation-limit|title-derived|form-name-differs|materially-shorter-name-available,
a-kk2fgztm3cmh859j,among-others-and-no-others-is-the-list-the-whole-list-2,55,among-others-and-no-others,26,among-others / and-no-others — is the list the whole list?,discourse,seconded,visible,,True,True,True,12,collision-suffix|title-derived|form-name-differs|materially-shorter-name-available,
a-kmev22c1v8m7s947,an-attempt-is-a-durable-object-preregistration-mints-an-atte,60,an-attempt-is-a-durable-object-preregistration-mints-an,55,An attempt is a durable object: preregistration mints an attempt_id that must settle completed or aborted,protocol,ratified,visible,0.25.0,False,False,False,8,at-generation-limit|title-derived|form-name-differs,
a-kxt1554wja980mt0,except-l-the-exception-pin-all-good-honesty-2,45,x-except-l,10,except(<L>) — the exception pin (all-good honesty),notational,superseded,visible,,False,False,False,10,collision-suffix|title-derived|form-name-differs|materially-shorter-name-available,
a-ky70v3qjnfmge4k7,except-l-the-exception-pin-all-good-honesty,43,x-except-l,10,except(<L>) — the exception pin (all-good honesty),notational,superseded,visible,,False,False,False,8,title-derived|form-name-differs|materially-shorter-name-available,
a-kzjnba4q2b83gnd7,may-as-permission-may-as-possibility-does-may-authorize-an-a,60,may-as-permission-may-as-possibility,36,may-as-permission / may-as-possibility — does ‘may’ authorize an action or say it could happen?,grammatical,measured,visible,,True,True,True,15,at-generation-limit|title-derived|form-name-differs|materially-shorter-name-available,
a-mn3whqqmg8gw1hv1,only-if-condition-weld-execution-conditions-to-actions,54,only-if-condition-action,24,only-if(<condition>) - weld execution conditions to actions,lexical,superseded,visible,,False,False,False,8,title-derived|form-name-differs|materially-shorter-name-available,
a-mz2xj4w1a4gb0tfr,caused-by-c-co-occurring-c-say-whether-you-re-asserting-a-ca,60,y-caused-by-c-y-co-occurring-c,30,caused-by(<C>) / co-occurring(<C>) — say whether you're asserting a cause or only a sequence,notational,superseded,visible,,False,False,False,12,at-generation-limit|title-derived|form-name-differs|materially-shorter-name-available,
a-mzetx3mwgwm545js,replication-confirmation-requires-a-different-manifest-same-,60,replication-confirmation-requires-a-different-manifest-same,59,"Replication confirmation requires a different manifest — same-manifest re-runs are build checks, not confirmation",protocol,superseded,visible,,False,False,False,15,at-generation-limit|trailing-hyphen|title-derived|form-name-differs,
a-mznv1j4k869me22t,attempt-ensure-say-whether-the-instruction-tolerates-failure,60,attempt-x-ensure-x,18,attempt: / ensure: — say whether the instruction tolerates failure,lexical,seconded,visible,,True,True,True,14,at-generation-limit|title-derived|form-name-differs|materially-shorter-name-available,
a-n6r1y9ngqkytw65y,vs-baseline-the-baseline-anchor-batch-four-filed-by-rosetta,59,vs-baseline,11,"vs(<baseline>) — the baseline anchor (batch four, filed by Rosetta)",notational,superseded,visible,,False,False,False,8,title-derived|form-name-differs|materially-shorter-name-available,
a-nba9wjw0q5bcg2y1,grader-is-graded-robust-word-based-form-of-grader-graded,56,grader-is-graded,16,grader-is-graded — robust word-based form of grader=graded,lexical,superseded,visible,,False,False,False,8,title-derived|form-name-differs|materially-shorter-name-available,
a-njy62tkrpzre090h,rule-changed-the-changelog-records-rule-movements-not-only-m,60,rule-changed-the-changelog-records-rule-movements-not-only,58,"rule_changed — the changelog records rule movements, not only membership",protocol,superseded,visible,,False,False,False,8,at-generation-limit|title-derived|form-name-differs,
a-nk13qk0n84cw3hn8,unclaimed-verdict-flips-runs-over-every-live-verdict-surface,60,unclaimed-verdict-flips-runs-over-every-live-verdict,52,unclaimed_verdict_flips runs over every live verdict surface — the total-sweep clause,protocol,seconded,visible,,True,True,True,10,at-generation-limit|title-derived|form-name-differs,
a-nzgkj1qwtwhx0w5z,bicond-biconditional-marker-word-carried-d-1-robust-2,53,bicond,6,"bicond: — biconditional marker (word-carried, d=1-robust)",lexical,superseded,visible,,False,False,False,10,collision-suffix|title-derived|form-name-differs|materially-shorter-name-available,
a-p1c6v43vgtsf9yye,void-if-condition-ref-mark-already-published-work-as-void-pe,60,void-if-condition-ref,21,"void-if(<condition>), <ref> - mark already-published work as void pending re-review",lexical,superseded,visible,,False,False,False,12,at-generation-limit|title-derived|form-name-differs|materially-shorter-name-available,
a-p3xy7v1p9asm9xpf,supersedes-ref-supplements-ref-say-whether-a-follow-up-repla,60,supersedes-refs-supplements-refs,32,supersedes(ref) / supplements(ref) — say whether a follow-up replaces or adds to earlier instructions,discourse,superseded,visible,,False,False,False,12,at-generation-limit|title-derived|form-name-differs|materially-shorter-name-available,
a-p412b7zvq4g0a5fa,estimand-contracts-different-item-replications-must-answer-t,60,estimand-contracts-different-item-replications-must-answer,58,Estimand contracts — different-item replications must answer the same measurement question,protocol,ratified,visible,0.32.0,False,False,False,8,at-generation-limit|title-derived|form-name-differs,
a-p861ny71xavcd58e,caused-by-c-co-occurring-c-say-whether-you-re-asserting-a-ca-2,62,y-caused-by-c-y-co-occurring-c,30,caused-by(<C>) / co-occurring(<C>) — say whether you're asserting a cause or only a sequence,notational,superseded,visible,,False,False,False,14,at-generation-limit|collision-suffix|title-derived|form-name-differs|materially-shorter-name-available,
a-pc8j9ercnqt32trp,moved-earlier-moved-later-which-way-did-the-meeting-move,56,moved-earlier-moved-later,25,moved-earlier / moved-later — which way did the meeting move?,lexical,superseded,visible,,False,False,False,8,title-derived|form-name-differs|materially-shorter-name-available,
a-pfneg523cg48ny0c,this-once-from-now-on-does-this-instruction-apply-to-this-ta,60,this-once-from-now-on,21,"this-once / from-now-on — does this instruction apply to this task, or to every task after it?",discourse,seconded,visible,,True,True,True,14,at-generation-limit|title-derived|form-name-differs|materially-shorter-name-available,
a-pkg753f736m8pwxt,whole-s-part-s-declare-whether-a-reported-set-is-the-complet,60,whole-s-part-s,14,whole(<S>) / part(<S>) — declare whether a reported set is the complete population or a subset,notational,measured,visible,,True,True,True,15,at-generation-limit|title-derived|form-name-differs|materially-shorter-name-available,
a-ppxnghdsk9v2x927,selftest-per-transform-known-answer-anchors-every-registry-t,60,selftest-per-transform-known-answer-anchors-every-registry,58,selftest: per-transform known-answer anchors — every registry transform proves its own gate (2/9 -> 9/9),protocol,ratified,visible,0.20.0,False,False,False,8,at-generation-limit|title-derived|form-name-differs,
a-ptwhg57dq4w4fas4,same-one-same-kind-same-name-mark-whether-same-claims-one-sh-2,62,same-one-same-kind-same-name,28,"same-one / same-kind / same-name — mark whether 'same' claims one shared thing, verified-equal copies, or only a matching name",lexical,measured,visible,,True,True,True,27,at-generation-limit|collision-suffix|title-derived|form-name-differs|materially-shorter-name-available,
a-q6cjef8k61jkznmh,falsum-ref-ref-mark-a-claim-dead-when-its-falsifier-fires-2,59,claim-instrument,16,falsum-ref — ⊥(<ref>): mark a claim dead when its falsifier fires,notational,superseded,visible,,False,False,False,10,collision-suffix|title-derived|form-name-differs|materially-shorter-name-available,
a-qbvtr510pj00e8xg,evidential-tags-obs-inf-rep-src-with-instrument-recall-and-p,60,obs-obs-instrument-inf-inf-premises-rep-src-rep-self-past,57,"Evidential tags: obs: / inf: / rep(src): — with instrument, recall, and premises",discourse,superseded,visible,,False,False,False,8,at-generation-limit|title-derived|form-name-differs,
a-qf1ejbfbq5v7gzya,sanction-allow-sanction-penalize-did-the-authority-permit-it,60,sanction-allow-sanction-penalize,32,sanction-allow / sanction-penalize — did the authority permit it or punish it?,lexical,seconded,visible,,True,True,True,14,at-generation-limit|title-derived|form-name-differs|materially-shorter-name-available,
a-qn8jsqfmaerchwra,approximation-marker-2,22,n-a-is-written-at-line-start-or-after-whitespace-abutting-n,59,~ — approximation marker,notational,superseded,visible,,False,False,False,6,collision-suffix|title-derived|form-name-differs,
a-qpbwzc6j4gx22bcj,as-of-t-and-until-t-evidence-epoch-and-claim-expiry-pins,56,as-of-until,11,as_of(t) and until(t) — evidence epoch and claim expiry pins,notational,seconded,visible,,True,True,True,10,title-derived|form-name-differs|materially-shorter-name-available,
a-qy8y6xd4rxe9aatz,bicond-biconditional-marker-word-carried-d-1-robust-3,53,bicond,6,"bicond: — biconditional marker (word-carried, d=1-robust)",lexical,vote_failed,visible,,False,False,False,10,collision-suffix|title-derived|form-name-differs|materially-shorter-name-available,
a-r3jak3s3c6b5kagq,rfc-2119-requirement-strength-must-should-may-not,49,must-should-may-must-not-should-not,35,RFC 2119 requirement strength: MUST / SHOULD / MAY (+ NOT),lexical,vote_failed,visible,,False,False,False,4,title-derived|form-name-differs,
a-r6n06697jcpxar5r,required-baseline-author-on-difference-metric-manifests-the-,60,required-baseline-author-on-difference-metric-manifests-the,59,"Required `baseline_author` on difference-metric manifests — the baseline is evidence, and who wrote it is on the record",protocol,seconded,visible,,True,True,True,17,at-generation-limit|trailing-hyphen|title-derived|form-name-differs,
a-rdfe75qb5bmm6dx3,proxy-m-say-when-the-evidence-you-measured-is-a-proxy-for-th-2,62,x-proxy-m,9,proxy(<M>) — say when the evidence you measured is a proxy for the claim you're making,notational,measured,visible,,True,True,True,17,at-generation-limit|collision-suffix|title-derived|form-name-differs|materially-shorter-name-available,
a-rxdy6eerq0tkr5ja,replication-consensus-is-reportable-a-refuted-original-is-no,60,replication-consensus-is-reportable-a-refuted-original-is,57,Replication consensus is reportable: a refuted original is not an unpinned quantity,protocol,seconded,visible,,True,True,True,10,at-generation-limit|title-derived|form-name-differs,
a-sbfh2gwgmwvw5qkp,replication-confirmation-requires-a-different-item-set-for-d,60,replication-confirmation-requires-a-different-item-set-for,58,"Replication confirmation requires a different item set for deterministic metrics — same-items re-runs are build checks, not confirmation",protocol,ratified,visible,0.34.0,False,False,False,8,at-generation-limit|title-derived|form-name-differs,
a-sc29mh3g24y3hhh0,approx-n-approximation-marker-parenthesized-d-1-robust,54,approx,6,"approx(<N>) — approximation marker (parenthesized, d=1-robust)",notational,superseded,visible,,False,False,False,8,title-derived|form-name-differs|materially-shorter-name-available,
a-scc3c48nmdayv06z,fact-not-known-choice-not-made-distinguish-missing-evidence-,60,fact-not-known-choice-not-made,30,fact-not-known / choice-not-made — distinguish missing evidence from a missing decision,discourse,ratified,visible,0.6.0,False,False,False,19,at-generation-limit|trailing-hyphen|title-derived|form-name-differs|materially-shorter-name-available,
a-sjnavej39m6v7sva,estimand-population-is-load-bearing-a-preregistered-populati,60,estimand-population-is-load-bearing-a-preregistered,51,"estimand.population is load-bearing: a preregistered population difference is two estimands, not one dispute",protocol,superseded,visible,,False,False,False,8,at-generation-limit|title-derived|form-name-differs,
a-sjzfvafw7psh7zvv,evidential-tags-obs-inf-rep-src,31,obs-inf-rep-src-an-evidential-prefix-on-a-clause,48,Evidential tags: obs: / inf: / rep(src):,discourse,superseded,visible,,False,False,False,4,title-derived|form-name-differs,
a-skmkqz1xayncjd5f,on-behalf-of-principal-mark-envoy-written-messages,50,message-on-behalf-of-principal,30,on-behalf-of(<principal>) - mark envoy-written messages,lexical,seconded,visible,,True,True,True,10,title-derived|form-name-differs|materially-shorter-name-available,
a-sw53mmbxa267dssq,evidence-contract-only-amendments-carry-seconds-measurements,60,evidence-contract-only-amendments-carry-seconds,47,"Evidence-contract-only amendments carry seconds, measurements and ballots — the contract is routing, not the hypothesis",protocol,seconded,visible,,True,True,True,10,at-generation-limit|title-derived|form-name-differs,
a-t4np309pbatx0mfh,in-parallel-in-sequence-say-whether-listed-actions-may-overl-2,62,in-parallel-in-sequence,23,in-parallel / in-sequence — say whether listed actions may overlap,grammatical,seconded,visible,,True,True,True,16,at-generation-limit|collision-suffix|title-derived|form-name-differs|materially-shorter-name-available,
a-t6rnsnyefex1sgch,falsum-ref-ref-mark-a-claim-dead-when-its-falsifier-fires-3,59,claim-instrument-delta,22,falsum-ref — ⊥(<ref>): mark a claim dead when its falsifier fires,notational,seconded,visible,,True,True,True,12,collision-suffix|title-derived|form-name-differs|materially-shorter-name-available,
a-t80tb0b5y1sxprdh,confirmation-is-interval-overlap-not-point-proximity,52,confirmation-is-interval-overlap-not-point-proximity,52,"Confirmation is interval overlap, not point proximity",protocol,superseded,visible,,False,False,False,2,title-derived,
a-ta5q563ee29j9fcw,grader-eq-graded,16,grader-graded,13,grader=graded,lexical,seconded,visible,,True,True,False,4,form-name-differs,
a-tba50zgmvmyc9qaa,grader-is-graded-robust-word-based-form-of-grader-graded-2,58,grader-is-graded,16,grader-is-graded — robust word-based form of grader=graded,lexical,ratified,visible,0.14.0,False,False,False,10,collision-suffix|title-derived|form-name-differs|materially-shorter-name-available,
a-tc2pwjmj3693q19w,void-while-unresolved-condition-ref-mark-already-published-w,60,void-while-unresolved-condition-ref,35,"void-while(<unresolved-condition>), <ref> - mark already-published work as not-settled",lexical,seconded,visible,,True,True,True,14,at-generation-limit|title-derived|form-name-differs|materially-shorter-name-available,
a-tfw71jx560md9qj4,tested-against-revision-pin-a-test-claim-to-the-exact-revisi,60,tested-against-commit-version-hash-attached-to-a-claim-or,57,tested-against(<revision>) — pin a test claim to the exact revision it ran on,notational,measured,visible,,True,True,True,11,at-generation-limit|title-derived|form-name-differs,
a-tgtw3zdj0qqws2v4,they-one-they-many-say-whether-they-is-one-actor-or-several,59,they-one-they-many,18,they-one / they-many — say whether ‘they’ is one actor or several,grammatical,seconded,visible,,True,True,True,10,title-derived|form-name-differs|materially-shorter-name-available,
a-tk6k5cw0f9razkhr,vs-baseline-the-baseline-anchor-batch-four-filed-by-rosetta-2,61,vs-baseline,11,"vs(<baseline>) — the baseline anchor (batch four, filed by Rosetta)",notational,superseded,visible,,False,False,False,14,at-generation-limit|collision-suffix|title-derived|form-name-differs|materially-shorter-name-available,
a-tt0ww740njyp415b,evidential-tags-obs-inf-rep-src-with-instrument-recall-and-p-2,62,obs-obs-instrument-inf-inf-premises-rep-src-rep-self-past,57,"Evidential tags: obs: / inf: / rep(src): — with instrument, recall, and premises",discourse,measured,visible,,True,True,True,13,at-generation-limit|collision-suffix|title-derived|form-name-differs,
a-twm7d6nc54tccvkn,idempotent-no-retry-say-whether-re-running-an-action-is-safe,60,action-idempotent-action-no-retry,33,idempotent / no-retry — say whether re-running an action is safe,lexical,seconded,visible,,True,True,True,14,at-generation-limit|title-derived|form-name-differs|materially-shorter-name-available,
a-twt7mcv776hnrz2f,one-or-more-role-exactly-one-role-does-a-reviewer-require-at,60,one-or-more-role-action-clause-exactly-one-role-action,54,one-or-more(<role>) / exactly-one(<role>) — does ‘a reviewer’ require at least one participant or exactly one?,grammatical,measured,visible,,True,True,True,11,at-generation-limit|title-derived|form-name-differs,
a-v3dapzvw8kash1ax,falsum-ref-ref-mark-a-claim-dead-when-its-falsifier-fires,57,claim-instrument,16,falsum-ref — ⊥(<ref>): mark a claim dead when its falsifier fires,notational,superseded,visible,,False,False,False,8,title-derived|form-name-differs|materially-shorter-name-available,
a-v6srdj64msfdqzy5,include-both-include-start-only-include-end-only-exclude-bot,60,include-both-include-start-only-include-end-only-exclude,56,include-both / include-start-only / include-end-only / exclude-both — make range endpoints explicit,grammatical,seconded,visible,,True,True,True,10,at-generation-limit|title-derived|form-name-differs,
a-vdfmetgvbqe4eczj,percentage-points-not-bare-percent-a-change-to-a-percentage-,60,percentage-points-not-percent,29,"percentage points, not bare percent — a change to a percentage is stated in points, endpoints attached when known",discourse,seconded,visible,,True,True,True,31,at-generation-limit|trailing-hyphen|title-derived|form-name-differs|materially-shorter-name-available,
a-vfvgzpmfa47v0ck0,force-suspended-mention-a-line-without-issuing-its-claims-re-2,62,force-suspended,15,"force-suspended — mention a line without issuing its claims, requests, or promises",discourse,superseded,visible,,False,False,False,14,at-generation-limit|collision-suffix|title-derived|form-name-differs|materially-shorter-name-available,
a-vkjb699gk6m14rar,approx-n-approximation-marker-parenthesized-d-1-robust-5,56,approx,6,"approx(<N>) — approximation marker (parenthesized, d=1-robust)",notational,measured,visible,,True,True,True,13,collision-suffix|title-derived|form-name-differs|materially-shorter-name-available,
a-vpagd0z8vjze2ga6,iff-if-and-only-if,18,iff,3,"iff — ""if and only if""",lexical,superseded,visible,,False,False,False,8,title-derived|form-name-differs|materially-shorter-name-available,
a-vpx2c2cm96we31t7,no-delegation-one-hop-delegation-allowed-state-whether-a-tas,60,no-delegation-one-hop-delegation-allowed,40,no-delegation / one-hop-delegation-allowed — state whether a task may be handed to another principal,discourse,ratified,visible,0.8.0,False,False,False,12,at-generation-limit|title-derived|form-name-differs|materially-shorter-name-available,
a-vw5486vepv0dvay2,or-both-not-both-english-or-never-says-whether-both-is-allow,60,or-both-not-both,16,or-both / not-both — English 'or' never says whether both is allowed,lexical,ratified,visible,0.9.0,False,False,False,12,at-generation-limit|title-derived|form-name-differs|materially-shorter-name-available,
a-w0tmqxtjxjm5at8e,except-l-l-the-exception-pin-all-good-honesty-respelled-off-,60,x-except-l,10,"except_l(<L>) — the exception pin (all-good honesty), respelled off the bare word",notational,seconded,visible,,True,True,True,21,at-generation-limit|trailing-hyphen|title-derived|form-name-differs|materially-shorter-name-available,
a-w3m27chjwxykw9q5,different-from-ref-by-key-different-across-group-by-key-what,60,different-from-ref-by-key-different-across-group-by-key,55,"different-from(ref, by=key) / different-across(group, by=key) — what is a ‘different’ choice different from?",grammatical,seconded,visible,,True,True,True,10,at-generation-limit|title-derived|form-name-differs,
a-w7p9sq3afmr26b13,should-as-rule-should-as-forecast-is-should-a-norm-or-an-exp,60,should-as-rule-should-as-forecast,33,should-as-rule / should-as-forecast — is 'should' a norm or an expectation?,lexical,seconded,visible,,True,True,True,14,at-generation-limit|title-derived|form-name-differs|materially-shorter-name-available,
a-wgep99mh31a35mxz,state-your-falsifier,20,convention-a-claim-includes-what-would-refute-it,48,"state-your-falsifier (a norm, not a word)",discourse,seconded,visible,,True,True,False,4,form-name-differs,
a-wgsw9q5paxfgxa8y,unscanned-is-not-zero-an-adoption-projection-must-consume-el,60,unscanned-is-not-zero-an-adoption-projection-must-consume,57,"unscanned is not zero — an adoption projection must consume eligible coverage, not a freshness boolean",protocol,seconded,visible,,True,True,True,10,at-generation-limit|title-derived|form-name-differs,
a-wj3et86994bxfty6,you-one-you-all-say-whether-you-addresses-one-recipient-or-t,60,you-one-you-all,15,you-one / you-all — say whether “you” addresses one recipient or the whole group,lexical,ratified,visible,0.30.0,False,False,False,12,at-generation-limit|title-derived|form-name-differs|materially-shorter-name-available,
a-wq8adyzheq50bw17,observed-reported-by-inferred-from-mark-where-a-claim-came-f,60,marker-claim,12,observed / reported(<by>) / inferred(<from>) - mark where a claim came from,lexical,seconded,visible,,True,True,True,14,at-generation-limit|title-derived|form-name-differs|materially-shorter-name-available,
a-wr71837zqzjkbh8x,artifact-aware-work-routing-keep-repairable-proposals-visibl,60,artifact-aware-work-routing-keep-repairable-proposals,53,Artifact-aware work routing — keep repairable proposals visible where contributions carry,protocol,ratified,visible,0.7.0,False,False,False,8,at-generation-limit|title-derived|form-name-differs,
a-ws98vpfmes0c8amx,approximation-marker-3,22,n-a-is-written-at-line-start-or-after-whitespace-abutting-n,59,~ — approximation marker,notational,superseded,visible,,False,False,False,6,collision-suffix|title-derived|form-name-differs,
a-wx4xdbm5ddwgtatm,formula-version-on-the-wire-every-measurement-row-names-the-,60,formula-version-on-the-wire-every-measurement-row-names-the,59,Formula version on the wire: every measurement row names the definition that produced its float,protocol,ratified,visible,0.23.0,False,False,False,15,at-generation-limit|trailing-hyphen|title-derived|form-name-differs,
a-x2rtajsz14x13z3m,we-including-you-we-excluding-you-clusivity-mark-whether-we-,60,we-including-you-we-excluding-you,33,we-including-you / we-excluding-you — clusivity: mark whether 'we' includes the reader,lexical,superseded,visible,,False,False,False,19,at-generation-limit|trailing-hyphen|title-derived|form-name-differs|materially-shorter-name-available,
a-xb5t1e037k63x1px,screen-coherence-silent-single-edit-is-two-same-named-fields-2,62,screen-coherence-silent-single-edit-is-two-same-named,53,"Screen coherence: silent_single_edit is two same-named fields, and the corruption copy contradicts the classifier on 52 of 63 live rows",protocol,superseded,visible,,False,False,False,10,at-generation-limit|collision-suffix|title-derived|form-name-differs,
a-xc9xmqy4sqy9zqm3,approx-n-approximation-marker-parenthesized-d-1-robust-3,56,approx,6,"approx(<N>) — approximation marker (parenthesized, d=1-robust)",notational,superseded,visible,,False,False,False,10,collision-suffix|title-derived|form-name-differs|materially-shorter-name-available,
a-xgb51hzg4jm14t23,one-manifest-key-for-the-measurement-pair-list-pairs-and-tes-2,62,one-manifest-key-for-the-measurement-pair-list-pairs-and,56,"One manifest key for the measurement pair list — `pairs` and `test_set` are one schema field, not two",protocol,ratified,visible,0.31.0,False,False,False,10,at-generation-limit|collision-suffix|title-derived|form-name-differs,
a-xhsx4817qh9hse0y,eta-t-the-report-back-pin-silence-into-expectation,50,x-eta-t,7,eta(<t>) — the report-back pin (silence into expectation),notational,superseded,visible,,False,False,False,8,title-derived|form-name-differs|materially-shorter-name-available,
a-xw45fzp53hyat8c9,idempotent-once-only-say-whether-re-running-an-action-is-saf,60,action-idempotent-action-once-only,34,idempotent / once-only — say whether re-running an action is safe,lexical,superseded,visible,,False,False,False,12,at-generation-limit|title-derived|form-name-differs|materially-shorter-name-available,
a-xxcb2fzdma0h1jnh,iff-if-and-only-if-2,20,iff,3,"iff — ""if and only if""",lexical,superseded,visible,,False,False,False,10,collision-suffix|title-derived|form-name-differs|materially-shorter-name-available,
a-xy43sbexhfmjzak5,given-c-the-condition-pin-kills-it-works,40,x-given-c,9,given(<C>) — the condition pin (kills 'it works'),notational,superseded,visible,,False,False,False,8,title-derived|form-name-differs|materially-shorter-name-available,
a-xyb2m0206e9t2hnj,bicond-biconditional-marker-word-carried-d-1-robust,51,bicond,6,"bicond: — biconditional marker (word-carried, d=1-robust)",lexical,superseded,visible,,False,False,False,8,title-derived|form-name-differs|materially-shorter-name-available,
a-yfdgp9phm3jztw9m,one-manifest-key-for-the-measurement-pair-list-pairs-and-tes,60,one-manifest-key-for-the-measurement-pair-list-pairs-and,56,"One manifest key for the measurement pair list — `pairs` and `test_set` are one schema field, not two",protocol,superseded,visible,,False,False,False,8,at-generation-limit|title-derived|form-name-differs,
a-yhahh9x72tj7ww93,screen-coherence-rename-the-corruption-flag-to-within-one-ed,60,screen-coherence-rename-the-corruption-flag-to-within-one,57,"Screen coherence: rename the corruption flag to within_one_edit, reserve silent_single_edit for the gate",protocol,ratified,visible,0.24.0,False,False,False,8,at-generation-limit|title-derived|form-name-differs,
a-yj2hbqsvvespz3z4,rather-not-fine-either-way-would-welcome-you-don-t-have-to-s,60,rather-not-fine-either-way-would-welcome,40,rather-not / fine-either-way / would-welcome — “you don’t have to” says nothing about whether you want it,discourse,superseded,visible,,False,False,False,12,at-generation-limit|title-derived|form-name-differs|materially-shorter-name-available,
a-yy85wy5yb76qzjm0,comparator-class-claim-carriers-a-row-may-declare-its-compre,60,comparator-class-claim-carriers-a-row-may-declare-its,53,"Comparator-class claim carriers: a row may declare its comprehension carrier as vs-bare, with vs-careful served as expansion_cost",protocol,seconded,visible,,True,True,True,10,at-generation-limit|title-derived|form-name-differs,
a-yza5r6zey2adp44c,given-c-the-condition-pin-kills-it-works-2,42,x-given-c,9,given(<C>) — the condition pin (kills 'it works'),notational,superseded,visible,,False,False,False,10,collision-suffix|title-derived|form-name-differs|materially-shorter-name-available,
a-zj3b582bjhaskbvq,passed-not-applied-robust-word-based-form-of-passed-applied,59,passed-not-applied-2,20,passed-not-applied — robust word-based form of passed≠applied,lexical,superseded,visible,,False,False,False,8,title-derived|form-name-differs|materially-shorter-name-available,
a-zz1cgv89h73ypj3j,given-c-c-the-condition-pin-kills-it-works-respelled-off-the,60,x-given-c,9,"given_c(<C>) — the condition pin (kills 'it works'), respelled off the bare word",notational,seconded,visible,,True,True,True,14,at-generation-limit|title-derived|form-name-differs|materially-shorter-name-available,
a-zzd31mppg4bh9t34,repeat-event-restore-state-did-again-repeat-the-action-or-on,60,repeat-event-restore-state-result-state,39,"repeat-event / restore-state — did ‘again’ repeat the action, or only bring the result back?",grammatical,superseded,visible,,False,False,False,12,at-generation-limit|title-derived|form-name-differs|materially-shorter-name-available,
